<?xml version="1.0" encoding="UTF-8"?>
<project-private xmlns="http://www.netbeans.org/ns/project-private/1">
    <editor-bookmarks xmlns="http://www.netbeans.org/ns/editor-bookmarks/2" lastBookmarkId="0"/>
    <open-files xmlns="http://www.netbeans.org/ns/projectui-open-files/2">
        <group>
            <file>file:/C:/Users/User/Desktop/Concurrent%20and%20Real-Time%20System/Group%20Assignment/src/elevator/ElevatorPanel.java</file>
            <file>file:/C:/Users/User/Desktop/Concurrent%20and%20Real-Time%20System/Group%20Assignment/src/elevator/Elevator.java</file>
            <file>file:/C:/Users/User/Desktop/Concurrent%20and%20Real-Time%20System/Group%20Assignment/src/elevator/ElevatorGUI.java</file>
            <file>file:/C:/Users/User/Desktop/Concurrent%20and%20Real-Time%20System/Group%20Assignment/src/elevator/ElevatorOne.java</file>
            <file>file:/C:/Users/User/Desktop/Concurrent%20and%20Real-Time%20System/Group%20Assignment/src/elevator/ElevatorTwo.java</file>
            <file>file:/C:/Users/User/Desktop/Concurrent%20and%20Real-Time%20System/Group%20Assignment/src/elevator/PassengerRequest.java</file>
            <file>file:/C:/Users/User/Desktop/Concurrent%20and%20Real-Time%20System/Group%20Assignment/src/elevator/MutEx.java</file>
            <file>file:/C:/Users/User/Desktop/Concurrent%20and%20Real-Time%20System/Group%20Assignment/src/elevator/Request.java</file>
        </group>
    </open-files>
</project-private>
